,mse_mean,mse_std,obs_every
0,0.017827796284109354,0.008946240569476564,10
1,0.03147826418280601,0.03344193410635856,20
2,0.01691503692418337,0.00857330110126576,4
3,0.01656130254268646,0.005154271673299208,8
4,0.017630478367209435,0.010014450692292029,2
5,0.01731541007757187,0.0061039260098215715,1
